case,input_y_mm,output_x_mm,output_y_mm,bar_error_mm,ground_error_mm,drive_error_mm,branch_error_mm,inverse_error_mm2,collinearity_error_mm2,output_error_mm,straight_error_mm
broken,-30,89.77004875577954,-49.05489595770579,3.2359537271986483e-10,7e-19,3.552713678800501e-15,1.3707790458283853e-10,4.75210981676355e-09,1.7167167243314907e-08,4.0052604951322685e-10,1.6585226727918894
broken,-29,89.81143532135548,-46.23642672820771,1.1566214652702911e-10,1.03e-18,0.0,4.305178435970447e-11,1.8808350432664156e-09,6.201389624038711e-09,1.3304047810060059e-10,1.6171361072159556
broken,-28,89.84719350829255,-43.65493977142198,4.693845312431222e-11,7e-19,0.0,1.538325022920617e-11,8.312781574204564e-10,2.5411281967535615e-09,5.087090460366376e-11,1.5813779202788822
broken,-27,89.87849921536638,-41.26248567562497,2.1032064978498966e-11,7e-19,0.0,6.0538241086760536e-12,4.019966581836343e-10,1.1505107977427542e-09,2.1741864650334846e-11,1.5500722132050555
broken,-26,89.90618635106533,-39.02451888827054,1.0203393685515039e-11,5e-20,0.0,2.5792701308091637e-12,2.091837814077735e-10,5.625224730465561e-10,1.0163833878299918e-11,1.522385077506101
broken,-25,89.93086860131606,-36.91521053098904,5.286437954055145e-12,6e-20,0.0,1.1581846592889633e-12,1.1550582712516189e-10,2.9331204132176936e-10,5.101385104874184e-12,1.4977028272553667
broken,-24,89.95301103284358,-34.914668518657045,2.8990143619012088e-12,1.6e-19,0.0,5.542233338928781e-13,6.548361852765083e-11,1.6143530956469476e-10,2.7391307265071007e-12,1.4755603957278538
broken,-23,89.97297456974722,-33.00719637617024,1.6697754290362354e-12,0.0,0.0,2.7000623958883807e-13,4.18367562815547e-11,9.276845958083868e-11,1.5459163197956985e-12,1.455596858824208
broken,-22,89.99104486717508,-31.18015358522604,9.876544027065393e-13,1.1e-19,0.0,1.4210854715202004e-13,2.546585164964199e-11,5.547917680814862e-11,9.07334139492529e-13,1.4375265613963535
broken,-21,90.00745174999881,-29.423182077494605,6.181721801112872e-13,0.0,0.0,8.526512829121202e-14,1.4551915228366852e-11,3.4788172342814505e-11,5.593014024655767e-13,1.421119678572623
broken,-20,90.0223827046871,-27.727664978004682,4.050093593832571e-13,1.4e-19,0.0,4.263256414560601e-14,1.1823431123048067e-11,2.2509993868879974e-11,3.616271635592637e-13,1.406188723884327
broken,-19,90.03599248958747,-26.086337871109812,2.5579538487363607e-13,0.0,0.0,2.842170943040401e-14,5.4569682106375694e-12,1.432454155292362e-11,2.2914314707516465e-13,1.3925789389839593
broken,-18,90.0484101346553,-24.49300324414738,1.7053025658242404e-13,0.0,0.0,1.4210854715202004e-14,7.275957614183426e-12,1.000444171950221e-11,1.7350196581950825e-13,1.3801612939161316
broken,-17,90.05974413932421,-22.94231653808807,1.2789769243681803e-13,1e-20,0.0,0.0,2.7284841053187847e-12,6.821210263296962e-12,1.0545038321407553e-13,1.3688272892472213
broken,-16,90.07008639809841,-21.429623015912547,8.526512829121202e-14,0.0,0.0,0.0,9.094947017729282e-13,4.092726157978177e-12,6.355287432313019e-14,1.3584850304730196
broken,-15,90.07951520952402,-19.95083140844804,6.394884621840902e-14,1e-20,0.0,0.0,9.094947017729282e-13,3.410605131648481e-12,5.123796534383003e-14,1.3490562190474122
broken,-14,90.08809761277486,-18.502314640572845,4.263256414560601e-14,1e-20,0.0,0.0,9.094947017729282e-13,2.9558577807620168e-12,5.54951617168815e-14,1.340473815796571
broken,-13,90.09589122291798,-17.080830804854205,4.263256414560601e-14,1e-20,0.0,0.0,0.0,1.1368683772161603e-12,2.0097183471152322e-14,1.3326802056534461
broken,-12,90.10294568680398,-15.683459480066269,3.552713678800501e-14,0.0,0.0,1.4210854715202004e-14,3.637978807091713e-12,1.5916157281026244e-12,3.552713678800501e-14,1.3256257417674533
broken,-11,90.10930384788995,-14.30754981865813,2.1316282072803006e-14,0.0,0.0,0.0,9.094947017729282e-13,1.2505552149377763e-12,3.552713678800501e-14,1.3192675806814833
broken,-10,90.11500268484933,-12.950677755006916,1.4210854715202004e-14,0.0,0.0,0.0,1.8189894035458565e-12,4.547473508864641e-13,2.847716647714797e-14,1.3135687437221009
broken,-9,90.12007407218933,-11.61061034536226,1.4210854715202004e-14,0.0,0.0,0.0,1.8189894035458565e-12,6.821210263296962e-13,1.0658141036401503e-14,1.3084973563821052
broken,-8,90.12454539912919,-10.285275725178304,2.842170943040401e-14,0.0,0.0,1.4210854715202004e-14,0.0,2.2737367544323206e-13,1.5888218580782548e-14,1.304026029442241
broken,-7,90.12844007423932,-8.97273751581312,7.105427357601002e-15,0.0,0.0,0.0,0.0,3.410605131648481e-13,3.552713678800501e-15,1.300131354332109
broken,-6,90.13177793686542,-7.67117276783854,7.105427357601002e-15,0.0,0.0,0.0,2.7284841053187847e-12,1.1368683772161603e-13,2.8435583831733384e-14,1.296793491706012
broken,-5,90.13457559148888,-6.378852718012434,1.4210854715202004e-14,0.0,0.0,1.4210854715202004e-14,9.094947017729282e-13,2.2737367544323206e-13,2.909377512977897e-14,1.293995837082548
broken,-4,90.1368466774664,-5.094125779005886,1.4210854715202004e-14,0.0,0.0,0.0,1.8189894035458565e-12,1.1368683772161603e-13,2.864289338439558e-14,1.2917247511050363
broken,-3,90.13860208371477,-3.8154022876043094,1.4210854715202004e-14,0.0,0.0,1.4210854715202004e-14,1.8189894035458565e-12,1.1368683772161603e-13,4.2863236558381085e-14,1.289969344856658
broken,-2,90.13985011564735,-2.5411406170334163,7.105427357601002e-15,0.0,0.0,1.4210854715202004e-14,9.094947017729282e-13,5.968558980384842e-13,7.993605777301127e-15,1.288721312924082
broken,-1,90.1405966198424,-1.2698343184652374,1.4210854715202004e-14,0.0,0.0,1.4210854715202004e-14,0.0,2.7000623958883807e-13,2.8616200366680173e-14,1.2879748087290324
broken,0,90.14084507042254,4.07316e-15,1.4210854715202004e-14,0.0,0.0,0.0,9.094947017729282e-13,2.8919436000000003e-13,1.4783065450784522e-14,1.2877263581488876
broken,1,90.14059661984241,1.2698343184652323,1.4210854715202004e-14,0.0,0.0,1.4210854715202004e-14,9.094947017729282e-13,9.947598300641403e-14,1.432144669219779e-14,1.2879748087290182
broken,2,90.13985011564735,2.5411406170334065,1.4210854715202004e-14,0.0,0.0,1.4210854715202004e-14,9.094947017729282e-13,8.526512829121202e-14,1.7763568394002505e-15,1.288721312924082
broken,3,90.13860208371472,3.8154022876043028,1.4210854715202004e-14,0.0,0.0,0.0,9.094947017729282e-13,1.1368683772161603e-13,1.4383281002407285e-14,1.2899693448567149
broken,4,90.1368466774664,5.094125779005889,1.4210854715202004e-14,0.0,0.0,0.0,1.8189894035458565e-12,3.979039320256561e-13,2.929642751054232e-14,1.2917247511050363
broken,5,90.13457559148888,6.378852718012434,1.4210854715202004e-14,0.0,0.0,0.0,2.7284841053187847e-12,3.410605131648481e-13,2.909377512977897e-14,1.293995837082548
broken,6,90.13177793686539,7.671172767838534,1.4210854715202004e-14,0.0,0.0,0.0,9.094947017729282e-13,3.410605131648481e-13,4.440892098500626e-15,1.2967934917060404
broken,7,90.12844007423932,8.972737515813122,7.105427357601002e-15,0.0,0.0,0.0,0.0,2.2737367544323206e-13,1.7763568394002505e-15,1.300131354332109
broken,8,90.12454539912922,10.285275725178298,2.1316282072803006e-14,0.0,0.0,1.4210854715202004e-14,1.8189894035458565e-12,3.410605131648481e-13,4.266955553143359e-14,1.3040260294422126
broken,9,90.12007407218935,11.610610345362259,1.4210854715202004e-14,1e-20,0.0,1.4210854715202004e-14,1.8189894035458565e-12,7.958078640513122e-13,3.102273850532274e-14,1.3084973563820768
broken,10,90.1150026848493,12.950677755006918,0.0,0.0,0.0,0.0,0.0,0.0,0.0,1.3135687437221293
broken,11,90.10930387047411,14.307549822211145,4.050356494644802e-09,0.0,0.0,0.0,1.60367380885873e-06,2.2802169041824527e-09,2.2861906796803705e-08,1.319267558097323
broken,12,90.10294568680393,15.683459480066276,2.842170943040401e-14,0.0,0.0,1.4210854715202004e-14,9.094947017729282e-13,6.821210263296962e-13,2.0097183471152322e-14,1.325625741767496
broken,13,90.095891222918,17.080830804854198,4.263256414560601e-14,1e-20,0.0,0.0,9.094947017729282e-13,1.8189894035458565e-12,3.552713678800501e-14,1.332680205653432
broken,14,90.08809761277486,18.502314640572845,4.973799150320701e-14,1e-20,0.0,0.0,9.094947017729282e-13,2.9558577807620168e-12,5.54951617168815e-14,1.340473815796571
broken,15,90.07951520952402,19.950831408448042,6.394884621840902e-14,1e-20,0.0,0.0,9.094947017729282e-13,3.183231456205249e-12,4.832213032818602e-14,1.3490562190474122
broken,16,90.07008639809844,21.42962301591255,8.526512829121202e-14,1e-20,0.0,0.0,1.8189894035458565e-12,4.320099833421409e-12,7.791709393054201e-14,1.3584850304729912
broken,17,90.05974413932424,22.942316538088075,1.2079226507921703e-13,4e-20,0.0,0.0,4.547473508864641e-12,6.821210263296962e-12,1.180976748471683e-13,1.3688272892471929
broken,18,90.04841013465527,24.49300324414737,1.7053025658242404e-13,1e-20,0.0,1.4210854715202004e-14,4.547473508864641e-12,1.000444171950221e-11,1.6202867315927533e-13,1.38016129391616
broken,19,90.03599248958744,26.086337871109805,2.7000623958883807e-13,2e-20,0.0,2.842170943040401e-14,3.637978807091713e-12,1.432454155292362e-11,2.2300177457843823e-13,1.3925789389839878
broken,20,90.0223827046871,27.72766497800469,3.907985046680551e-13,5e-20,0.0,4.263256414560601e-14,1.1823431123048067e-11,2.205524651799351e-11,3.5571517988054753e-13,1.406188723884327
broken,21,90.00745174999882,29.423182077494612,6.181721801112872e-13,0.0,0.0,8.526512829121202e-14,1.546140993013978e-11,3.4788172342814505e-11,5.597074616988487e-13,1.4211196785726088
broken,22,89.99104486717506,31.180153585226037,9.947598300641403e-13,5e-20,0.0,1.4210854715202004e-13,2.4556356947869062e-11,5.547917680814862e-11,9.033957815406545e-13,1.4375265613963677
broken,23,89.97297456974722,33.007196376170235,1.6697754290362354e-12,2.7e-19,0.0,2.7000623958883807e-13,4.092726157978177e-11,9.322320693172514e-11,1.5521252694687968e-12,1.455596858824208
broken,24,89.95301103284359,34.91466851865704,2.8990143619012088e-12,1.6e-19,0.0,5.542233338928781e-13,6.639311322942376e-11,1.6189005691558123e-10,2.7518467968508422e-12,1.4755603957278396
broken,25,89.93086860131605,36.91521053098903,5.279332526697544e-12,1.6e-19,0.0,1.1581846592889633e-12,1.1459633242338896e-10,2.937667886726558e-10,5.1085650876183e-12,1.497702827255381
broken,26,89.90618635106533,39.02451888827054,1.0203393685515039e-11,6e-20,0.0,2.5792701308091637e-12,2.091837814077735e-10,5.625224730465561e-10,1.0163833878299918e-11,1.522385077506101
broken,27,89.87849921536638,41.26248567562498,2.1032064978498966e-11,3.7e-19,0.0,6.0538241086760536e-12,4.019966581836343e-10,1.1500560503918678e-09,2.173513992799088e-11,1.5500722132050555
broken,28,89.84719350829255,43.65493977142199,4.693845312431222e-11,8e-19,0.0,1.5376144801848568e-11,8.312781574204564e-10,2.5411281967535615e-09,5.086408151225737e-11,1.5813779202788822
broken,29,89.81143532135548,46.236426728207704,1.1565504109967151e-10,5e-19,0.0,4.305178435970447e-11,1.8799255485646427e-09,6.201389624038711e-09,1.3304738401088498e-10,1.6171361072159556
broken,30,89.77004875577953,49.054895957705796,3.2359537271986483e-10,2.97e-18,0.0,1.3707079915548093e-10,4.750290827360004e-09,1.7167167243314907e-08,4.0051633954918373e-10,1.6585226727919036
nominal,-30,91.42857142875567,-51.72493294386461,1.1158718393744493e-09,1.88e-18,7.105427357601002e-15,5.071356667940563e-10,1.2754753697663546e-08,5.597485142061487e-08,1.4577158713255369e-09,1.8424373138259398e-10
nominal,-29,91.42857142863897,-48.564593679161426,3.3669778076728107e-10,1.5e-19,0.0,1.333972932116012e-10,4.4037733459845185e-09,1.7092588677769527e-08,4.0157867576307113e-10,6.754419246135512e-11
nominal,-28,91.4285714285998,-45.714285714155515,1.2028777973682736e-10,1.5e-19,0.0,4.175859658062109e-11,1.760781742632389e-09,6.176833267090842e-09,1.3325376842105554e-10,2.83648660115432e-11
nominal,-27,91.42857142858463,-43.1032975192902,4.881428594671888e-11,7.2e-19,0.0,1.4857448604743695e-11,7.867129170335829e-10,2.532942744437605e-09,5.0924775829507265e-11,1.3201884030422661e-11
nominal,-26,91.42857142857805,-40.68308034206293,2.1870505406695884e-11,2.9e-19,0.0,5.8264504332328215e-12,3.8107828004285693e-10,1.1455085768830031e-09,2.1749550651654898e-11,6.622258297284134e-12
nominal,-25,91.42857142857495,-38.418660835348504,1.0622613899613498e-11,7e-20,0.0,2.4655832930875476e-12,1.9736035028472543e-10,5.620677256956697e-10,1.0184186996026288e-11,3.524291969370097e-12
nominal,-24,91.42857142857345,-36.28389178775149,5.5067062021407764e-12,1.5e-19,0.0,1.1155520951433573e-12,1.1095835361629725e-10,2.937667886726558e-10,5.137970830483912e-12,2.0179413695586845e-12
nominal,-23,91.42857142857262,-34.25863585969108,3.0127011996228248e-12,1.5e-19,0.0,5.186961971048731e-13,6.366462912410498e-11,1.6189005691558123e-10,2.7519568743920115e-12,1.1937117960769683e-12
nominal,-22,91.4285714285722,-32.32700185918867,1.7337242752546445e-12,4e-20,0.0,2.5579538487363607e-13,4.092726157978177e-11,9.345058060716838e-11,1.5661142055222813e-12,7.673861546209082e-13
nominal,-21,91.4285714285719,-30.476190476189682,1.0302869668521453e-12,7e-20,0.0,1.2789769243681803e-13,2.4556356947869062e-11,5.616129783447832e-11,9.206465238585902e-13,4.689582056016661e-13
nominal,-20,91.42857142857173,-28.695710936273144,6.465938895416912e-13,7e-20,0.0,6.394884621840902e-14,1.546140993013978e-11,3.524291969370097e-11,5.709267256288867e-13,2.984279490192421e-13
nominal,-19,91.42857142857162,-26.976832897933473,4.050093593832571e-13,1e-20,0.0,2.842170943040401e-14,9.094947017729282e-12,2.205524651799351e-11,3.586657574068102e-13,1.8474111129762605e-13
nominal,-18,91.42857142857156,-25.31219281469304,2.7000623958883807e-13,2e-20,0.0,2.842170943040401e-14,8.185452315956354e-12,1.432454155292362e-11,2.335351955131386e-13,1.2789769243681803e-13
nominal,-17,91.4285714285715,-23.695504771459575,1.8474111129762605e-13,1e-20,0.0,2.842170943040401e-14,4.547473508864641e-12,1.000444171950221e-11,1.5635976840162433e-13,7.105427357601002e-14
nominal,-16,91.42857142857152,-22.12134381401842,1.3500311979441904e-13,1e-20,0.0,0.0,4.547473508864641e-12,7.048583938740194e-12,1.2058310082691391e-13,8.526512829121202e-14
nominal,-15,91.4285714285715,-20.584980713546354,8.526512829121202e-14,2e-20,0.0,0.0,4.547473508864641e-12,4.092726157978177e-12,8.474544047399891e-14,7.105427357601002e-14
nominal,-14,91.42857142857146,-19.082253944875838,5.684341886080802e-14,2e-20,0.0,1.4210854715202004e-14,1.8189894035458565e-12,3.410605131648481e-12,5.1728291973635394e-14,2.842170943040401e-14
nominal,-13,91.42857142857146,-17.60946905639494,4.263256414560601e-14,1e-20,0.0,0.0,9.094947017729282e-13,1.8189894035458565e-12,4.7664655742347644e-14,2.842170943040401e-14
nominal,-12,91.42857142857144,-16.163318510116596,3.552713678800501e-14,0.0,0.0,0.0,1.8189894035458565e-12,2.0463630789890885e-12,3.776586443654626e-14,1.4210854715202004e-14
nominal,-11,91.42857142857144,-14.740817025061396,2.842170943040401e-14,1e-20,0.0,0.0,9.094947017729282e-13,1.0231815394945443e-12,2.0097183471152322e-14,1.4210854715202004e-14
nominal,-10,91.42857142857144,-13.339248800028832,2.1316282072803006e-14,0.0,0.0,1.4210854715202004e-14,1.8189894035458565e-12,7.958078640513122e-13,1.888293221827313e-14,1.4210854715202004e-14
nominal,-9,91.42857142857143,-11.95612393066132,2.1316282072803006e-14,0.0,0.0,0.0,9.094947017729282e-13,3.410605131648481e-13,5.329070518200751e-15,0.0
nominal,-8,91.42857142857144,-10.589142002266948,1.4210854715202004e-14,0.0,0.0,0.0,9.094947017729282e-13,4.547473508864641e-13,2.864289338439558e-14,1.4210854715202004e-14
nominal,-7,91.42857142857146,-9.236161319647419,7.105427357601002e-15,0.0,0.0,0.0,2.7284841053187847e-12,1.2505552149377763e-12,3.260957681782951e-14,2.842170943040401e-14
nominal,-6,91.42857142857144,-7.8951725846348975,1.4210854715202004e-14,0.0,0.0,0.0,1.8189894035458565e-12,1.1368683772161603e-13,1.4210854715202004e-14,1.4210854715202004e-14
nominal,-5,91.42857142857144,-6.564276089096297,7.105427357601002e-15,0.0,0.0,1.4210854715202004e-14,9.094947017729282e-13,6.252776074688882e-13,4.296434007659337e-14,1.4210854715202004e-14
nominal,-4,91.42857142857143,-5.241661681658968,1.4210854715202004e-14,0.0,0.0,0.0,0.0,5.115907697472721e-13,1.6304788408914756e-14,0.0
nominal,-3,91.42857142857142,-3.925590908178635,7.105427357601002e-15,0.0,0.0,0.0,9.094947017729282e-13,2.2737367544323206e-13,2.876656200481457e-14,1.4210854715202004e-14
nominal,-2,91.42857142857143,-2.6143808314378654,1.4210854715202004e-14,0.0,0.0,0.0,0.0,1.9895196601282805e-13,2.6645352591003757e-15,0.0
nominal,-1,91.42857142857143,-1.3063891134351666,1.4210854715202004e-14,0.0,0.0,1.4210854715202004e-14,0.0,2.5579538487363607e-13,1.4762209355896038e-14,0.0
nominal,0,91.42857142857144,8.04e-15,7.105427357601002e-15,0.0,0.0,0.0,9.094947017729282e-13,5.628e-13,1.632758376908779e-14,1.4210854715202004e-14
nominal,1,91.42857142857142,1.3063891134351662,1.4210854715202004e-14,0.0,0.0,1.4210854715202004e-14,9.094947017729282e-13,2.7000623958883807e-13,2.876656200481457e-14,1.4210854715202004e-14
nominal,2,91.42857142857143,2.6143808314378574,1.4210854715202004e-14,0.0,0.0,0.0,0.0,7.389644451905042e-13,1.0658141036401503e-14,0.0
nominal,3,91.42857142857143,3.92559090817864,7.105427357601002e-15,0.0,0.0,0.0,0.0,5.684341886080802e-14,1.4217791915866692e-14,0.0
nominal,4,91.42857142857144,5.241661681658962,1.4210854715202004e-14,1e-20,0.0,1.4210854715202004e-14,2.7284841053187847e-12,9.663381206337363e-13,1.4210854715202004e-14,1.4210854715202004e-14
nominal,5,91.42857142857143,6.564276089096302,7.105427357601002e-15,0.0,0.0,1.4210854715202004e-14,0.0,1.7053025658242404e-13,2.842170943040401e-14,0.0
nominal,6,91.42857142857143,7.895172584634897,1.4210854715202004e-14,0.0,0.0,0.0,9.094947017729282e-13,1.1368683772161603e-13,8.881784197001252e-16,0.0
nominal,7,91.42857142857144,9.23616131964743,1.4210854715202004e-14,1e-20,0.0,0.0,1.8189894035458565e-12,4.547473508864641e-13,1.517719948885615e-14,1.4210854715202004e-14
nominal,8,91.42857142857146,10.589142002266941,1.4210854715202004e-14,1e-20,0.0,0.0,1.8189894035458565e-12,1.0231815394945443e-12,4.3944641265813476e-14,2.842170943040401e-14
nominal,9,91.42857142857144,11.95612393066132,2.842170943040401e-14,1e-20,0.0,0.0,1.8189894035458565e-12,4.547473508864641e-13,1.517719948885615e-14,1.4210854715202004e-14
nominal,10,91.42857142913918,13.339248800107388,1.1464607041489216e-10,1.9e-19,0.0,1.4210854715202004e-14,3.970035322709009e-08,2.9388047551037744e-10,5.731592056192654e-10,5.677520675817505e-10
nominal,11,91.42857142863777,14.74081702507147,1.3749001936957939e-11,1.2e-19,0.0,1.4210854715202004e-14,4.637513484340161e-09,4.3087311496492475e-11,6.709466751766012e-11,6.633626981056295e-11
nominal,12,91.42857142857149,16.163318510116607,4.263256414560601e-14,0.0,0.0,0.0,4.547473508864641e-12,1.8189894035458565e-12,7.246142549764705e-14,5.684341886080802e-14
nominal,13,91.42857142857146,17.609469056394932,4.973799150320701e-14,1e-20,0.0,0.0,9.094947017729282e-13,2.2737367544323206e-12,5.123796534383003e-14,2.842170943040401e-14
nominal,14,91.42857142857143,19.082253944875834,6.394884621840902e-14,2e-20,0.0,1.4210854715202004e-14,0.0,3.183231456205249e-12,5.51529477954916e-14,0.0
nominal,15,91.42857142857149,20.584980713546347,9.947598300641403e-14,1e-20,0.0,0.0,3.637978807091713e-12,4.547473508864641e-12,7.791709393054201e-14,5.684341886080802e-14
nominal,16,91.4285714285715,22.121343814018427,1.2789769243681803e-13,0.0,0.0,0.0,3.637978807091713e-12,6.366462912410498e-12,1.0562977157717417e-13,7.105427357601002e-14
nominal,17,91.42857142857152,23.695504771459593,1.7763568394002505e-13,0.0,0.0,2.842170943040401e-14,6.366462912410498e-12,9.094947017729282e-12,1.46309704135021e-13,8.526512829121202e-14
nominal,18,91.4285714285716,25.31219281469306,2.7000623958883807e-13,0.0,0.0,1.4210854715202004e-14,1.000444171950221e-11,1.432454155292362e-11,2.4624176050968256e-13,1.7053025658242404e-13
nominal,19,91.42857142857163,26.976832897933477,4.121147867408581e-13,3e-20,0.0,2.842170943040401e-14,1.000444171950221e-11,2.205524651799351e-11,3.63854081408758e-13,1.9895196601282805e-13
nominal,20,91.42857142857173,28.695710936273148,6.394884621840902e-13,0.0,0.0,7.105427357601002e-14,1.546140993013978e-11,3.4788172342814505e-11,5.679010315216171e-13,2.984279490192421e-13
nominal,21,91.42857142857194,30.4761904761897,1.0302869668521453e-12,5e-20,0.0,1.2789769243681803e-13,2.8194335754960775e-11,5.5706550483591855e-11,9.282038171900503e-13,5.115907697472721e-13
nominal,22,91.4285714285722,32.32700185918868,1.7266188478970435e-12,1e-19,0.0,2.5579538487363607e-13,4.092726157978177e-11,9.299583325628191e-11,1.5599609355447903e-12,7.673861546209082e-13
nominal,23,91.42857142857262,34.25863585969109,3.0127011996228248e-12,1.5e-19,0.0,5.186961971048731e-13,6.366462912410498e-11,1.6143530956469476e-10,2.7455742760758122e-12,1.1937117960769683e-12
nominal,24,91.42857142857348,36.283891787751514,5.4996007747831754e-12,4e-20,0.0,1.1084466677857563e-12,1.127773430198431e-10,2.9331204132176936e-10,5.129646147455109e-12,2.0463630789890885e-12
nominal,25,91.42857142857495,38.418660835348504,1.0622613899613498e-11,4e-20,0.0,2.4726887204451486e-12,1.9736035028472543e-10,5.616129783447832e-10,1.0184186996026288e-11,3.524291969370097e-12
nominal,26,91.42857142857805,40.68308034206292,2.1870505406695884e-11,2.6e-19,0.0,5.8335558605904225e-12,3.8198777474462986e-10,1.1455085768830031e-09,2.1756317331224877e-11,6.622258297284134e-12
nominal,27,91.42857142858462,43.103297519290194,4.881428594671888e-11,1.7e-19,0.0,1.4857448604743695e-11,7.8580342233181e-10,2.5324879970867187e-09,5.092795665440555e-11,1.318767317570746e-11
nominal,28,91.4285714285998,45.71428571415552,1.2028777973682736e-10,1.7e-19,0.0,4.175149115326349e-11,1.760781742632389e-09,6.176378519739956e-09,1.3324682584487447e-10,2.83648660115432e-11
nominal,29,91.42857142863899,48.56459367916143,3.3669778076728107e-10,2.43e-18,0.0,1.333972932116012e-10,4.4046828406862915e-09,1.7092588677769527e-08,4.015740620695875e-10,6.755840331607033e-11
nominal,30,91.42857142875566,51.72493294386462,1.1158718393744493e-09,1.04e-18,0.0,5.071214559393411e-10,1.2753844202961773e-08,5.597485142061487e-08,1.4576999783492026e-09,1.8422952052787878e-10
